Term,Synonyms (other words that link to this item),Disambiguation/see also (links to similar term),Definition,Analogy (optional),توضيح \ انظر أيضاً,Arabic - definition (تعريف),Arabic-synonyms (مرادفات),Arabic - term (المصطلح),Spanish - Term (Termino),Spanish - definition (Definición),Spanish synonyms (frases que enlazan a este tópico),Disambiguation/see also (links to similar term),Analogy (optional)
Adversary,,,"Your adversary is the person or organization attempting to undermine your security goals. Adversaries can be different, depending on the situation. For instance, you may worry about criminals spying on the network at a cafe, or your classmates at a school. Often the adversary is hyothetical.",,,خصمك هو الشخص أو المنظمة التي تحاول خرق أهداف الأمان الخاصة بك. ويختلف الخصوم اعتماداً على الوضع. مثلاً، قد تشعر بالقلق حول تجسس المجرمين عليك على شبكة واي فاي في مقهى، أو زملائك في المدرسة. غالباً ما يكون الخصم مفترضاً.,,خصم,Adversary/Adversario,"Tu adversario es la persona u organización atentando pasar por alto tus metas de seguridad.   Los adversarios pueden ser diferentes, dependiendo de la situación. De hecho, quizás tu te preocupes de un criminal espiando en un café, o tu compañero de clase en la escuela. Muchas veces el adversario es hipotético.",,,
Attack,,Attacker,"In computer security, an attack is a method that can be used to compromise security, or its actual use. An attacker is the person or organization using an attack. An attack method is sometimes called an ""exploit.""",,مهاجم,"في حقل أمن الكمبيوتر، الهجوم هم أسلوب يستخدم لخرق الأمن. المهاجم هو الشخص (أو المنظمة) الذي يقوم بالهجوم. أسلوب الهجوم يدعى أحياناً ""ثغرة"".",,هجوم,Ataque,"En seguridad de computadora, un ataque es un método que puede ser usado para comprometer la seguridad, o su uso actual. Un atacante es la persona u organización usando un ataque. Un método de ataque es a veces llamado un ""exploit.""  ",,Asaltante ,
Air gap,,,"A computer or network that is physically isolated from all other networks, including the Internet, is said to be air-gapped.","An air-gapped computer is, in theory, a computer that has a gap of air between it and any network connections. The analogy is a bit out of date in a world where most networks are wireless, but it's still a useful image.",الكمبيوتر المحاط بثغرة هوائية نظرياً هو كمبيوتر تفصله ثفرة هواء عن أي اتصال بالشبكة. هذا التشبيه قديم حيث أصبحت معظم الشبكات لاسلكية، ولكنه لا يزال صورة مفيدة.,مصطلح يطلق على كمبيوتر أو شبكة معزولة مادياً عن جميع الشبكات الأخرى ومن ضمنها الإنترنت.,فجوة هوائية,ثغرة هوائية,Vacío de Aire,"Una computadora o red que está físicamente aislada de todas las otras redes, incluyendo el Internet, se dice que tiene un (air-gap/espacio-vacío).",,,"Una computadora con vacío de aire es, en teoría, una computadora que tiene un espacio de aire vacío entre ésta y cualquier sistema de conexiones. La   analogía está un poco fuera de moda en un mundo donde la mayoría de los sistemas están sin cables, pero ésta  mantiene una imagen muy beneficiosa."
Antivirus,,malware,"Software that attempts to protect a device from being taken over by malicious software (or “malware""). ""Viruses' were some of the first and most prevalent forms of malware; they were named viruses to reflect the way they would spread from device to device. These days most antivirus software concentrate on warning you if you look to be downloading a suspicious fiile from an external source, and examining files on your computer to see if they match the software's idea of what malware looks like. Anti-virus software can only recognise malware if it is substantially similar to samples that the anti-virus developer has already analysed. This makes it far less effective at combating targeted malware designed to infiltrate a particular community or person, rather than more widespread strains of malware. Some advanced malware can also actively attack or conceal itself from antivirus software.",,برمجيات خبيثة,"برنامج يحاول منع البرمجيات الخبيثة من السيطرة على جهازك. إن ""الفيروسات"" من أول أنواع البرمجيات الخبيثة وأكثرها انتشاراً؛ وسميت بذاك الاسم بسبب الطريقة التي تنتشر بها من جهاز إلى آخر. هذه الأيام، أغلب مضادات الفيروسات تركز على تحذيرك إذا كنت على وشك تنزيل ملف مثير للريبة من مصدر خارجي، ويفحص الملفات على جهازك للتحقق مما إذا كانت تشابه ما يعتبره المضاد برمجيات خبيثة. يستطيع مضاد الفيروسات تمييز البرمجيات الخبيثة فقط في حال كونها تشبه بشكل كبير العينات التي حللها مطور مضاد الفيروسات. وهذا يجعلها أقل فائدة بمواجهة الهجمات الموجهة المصممة لاختراق شخص أو مجتمع معيّن، مقارنة بسلالات البرمجيات الخبيثة الأكثر انتشاراً. تستطيع بعض البرمجيات الخبيثة المتقدمة أن تهاجم أو تخفي نفسها عن البرامج المضادة للفيروسات.",,مضاد للفيروسات,Antivirus,"Software que intenta proteger un dispositivo que sea controlado por un software malicioso/maligno (o “malware""). Los ""virus” fueron algunos de las primeras formas de malware mas prevalentes; se les fueron llamando virus para reflejar la forma en que ellos se podrían propagar de dispositivo a dispositivo. En estos días la mayoría de los software antivirus se concentran en avisarte si ven que estas bajando una carpeta sospechosa de una fuente  externa, y examinan las carpetas en tu computadora para ver si ellos combina la idea de lo que el software piensa que es un malware. Los software antivirus solo pueden reconocer los malware si estos son sustancialmente similares a los ejemplos ya analizados por el desarrollador del antivirus. Esto lo hace mucho menos efectivo para combatir malware diseñado para un tipo en particular de comunidad o persona, en vez de un tipo mas saturado de malware. Algunos tipos avanzados de malware pueden atacar o esconderse ellos mismos dentro del mismo software antivirus. ",,malware,
Asset,"assets, threat modeling",,"In threat modeling, any piece of data or a device that needs to be protected.",,,في نمذجة الخطر، هي أي بيانات أو أجهزة يتوجب حمايتها.,ممتلكات,أصول,Acciones,"En modelo de amenaza, cualquier tipo de data o dispositivo que necesite ser protegido.","Acciones o bienes, modelos de amenazas ",,
Burner phone,,,"A phone that is not connected to your identity, is only used for a small set of calls or activities, and can be discarded if and when it is suspected of being tracked or compromised. Burner phones are often pre-paid mobile phones bought with cash.",,,هاتف غير مرتبط بهويتك، ويستخدم لمجموعة صغيرة من الاتصالات أو الأنشطة، ويمكن التخلص منه في حال الشك بتتبعه أو خرق أمنه. الهواتف القابلة للرمي غالباً ما تعمل على خطوط مسبقة الدفع ويتم شراؤها نقداً.,هاتف للاستعمال مرة واحدة,هاتف قابل للرمي,Teléfono quemado,"Un teléfono que no esté conectado a tu, es solamente usado para un pequeño grupo de llamadas o actividades, y puede ser tirado siempre y cuando se sospeche que ha sido rastreado o comprometido. Burner phones/Teléfonos quemados son muchas veces móviles pre-pagados, comprados con efectivo.",,,
Circumvention,,"proxy, proxies","When referring to online censorship, the act of bypassing Internet filters to access blocked websites and other Internet services.",,وكيل، وكلاء، بروكسي,عند الإشارة إلى الرقابة على الإنترنت، هو فعل تجاوز فلاتر الإنترنت للوصول إلى المواقع المحجوبة وغيرها من خدمات الإنترنت.,,تجاوز,Evasión,"Cuando se refiere a la censura en la red, el acto de traspasar los filtros de la internet para acceder a los sitios web y otros servicios que estén “blocked”/bloqueados o cerrados. ",,"proxy, proxies",
Command line tool,,,"The ""command line"" is an ancient way of giving a computer a series of small, self-contained orders (think of those science fiction movies where teenage geniuses type long strings of green text onto black screens). To use a command line tool, the user types a command into a window called a terminal emulator, hits the return or enter key, and then receives a textual response in the same window.  Windows, Linux and Apple desktop computers still let you run software using this interface, and even some mobile phones can do the same with the right app. The command line can be used to run software pre-packaged with your operating system. Some downloadable programs, especially technical utilities, use the command line instead of a more familiar ""icons and buttons"" user interface. The command line needn't be scary, but it does require you to type in exactly the right set of letters and numbers to get the correct result, and it's often unclear what to do if the responses don't match your expectations.",,,"إن ""سطر الأوامر"" طريقة قديمة جداً لإعطاء الكمبيوتر سلسلة من الأوامر الصغيرة المحتواة (فكر بأفلام الخيال العلمي والتي تعرض مراهقين عبقريين يدخلون سلاسل من النص بلون أخضر على خلفية سوداء). لاستخدام سطر الأوامر، يكتب المستخدم أمراً في نافذة تدعى terminal emulator ويضغط زر الإدخال ومن ثم يحصل على رد نصي ضمن النافذة نفسها. لا تزال الكمبيوترات العاملة بنظم تشغيل لينوكس وماك وويندوز تسمح لك بتشغيل البرامج باستخدام هذه الواجهة، وحتى بعض الهواتف الذكية يمكنها القيام بذلك باستخدام التطبيق المناسب. يمكن استخدام سطر الأوامر لتشغيل برمجيات موجودة مسبقاً ضمن نظام التشغيل. وتستخدم بعض البرامج التي يمكن تنزيلها - خصوصاً برامج الأدوات التقنية - سطر الأوامر عوضاً عن واجهة تعتمد ""الأيقونات والأزرار"" المألوفة بشكل أكبر للمستخدمين. لا داعي للخوف من سطر الأوامر، ولكنه يتطلب منك إدخال سلسة الأحرف والأرقام بدقة مطلقة للحصول على النتيجة الصحيحة، وغالباً ما لا يكون واضحاً ما يتوجب فعله عندما تكون الردود لا تطابق توقعاتك.",Command line tool,أداة سطر الأوامر,Herramienta linea comando,"La ""linea de comando/command line"" es una forma muy vieja de darle a la computadora una serie de pequeñas, auto-contenida ordenes (piense en esas películas de ciencia ficción donde un muchacho genio tecléa una larga linea de textos color verde sobre pantallas negras). Para usar una linea de comando como herramienta, el usuario pone un comando dentro de una ventanilla llamada emulador de terminal/ terminal emulator, tecléa “return” o “enter,” y entonces recibe una respuesta textual en la misma ventanilla. Windows, Linux y la computadora desktop de Apple todavía te deja correr este software usando este interface, e inclusive algunos teléfonos móviles pueden hacer lo mismo usando la aplicación correcta. La linea comando/command line puede ser usada para operar software pre-packaged/pre-empacado con tu sistema de operación. Algunos programas bajables, especialmente utilidades técnicas, que usa el command line en vez del familiar ""icons and buttons"" usado en interface. No debes tener temor con el command line, pero esta requiere que tu te pongas exactamente el grupo de letras y números para obtener los resultados correctos, y muchas veces no es muy claro que hacer si la respuesta no concuerda tus expectaciones.",,,
Commercial VPN,VPN,,"A commercial Virtual Private Network is a private service that offers to securely relay your Internet communications via their own network. The advantage of this is that all of the data you send and receive is hidden from local networks, so it is safer from nearby criminals, or untrusted local ISPs or cybercafes. A VPN may be hosted in a foreign country, which is useful both for protecting communications from a local government, and bypassing national censorship. The down side is that most of the traffic is decrypted at the commercial VPN's end. That means you need to trust the commercial VPN (and the country where it is located) not to snoop on your traffic.",,,أي شبكة افتراضية خاصة تجارية هي خدمة خاصة توفر نقل البيانات بشكل آمن على الإنترنت عبر شبكتهم الخاصة. ميزات ذلك هي أن جميع البيانات التي ترسلها وتستقبلها مخفية عن الشبكات المحلية، وبالتالي آمنة من المجرمين القريبين أو مزودي خدمة الإنترنت ومقاهي الإنترنت غير الموثوقة. يمكن أن تكون الشبكة الخاصة الافتراضية مستضافة في بلد آخر، وذلك مفيد لحماية بياناتك من الحكومة المحلية ولتجاوز الرقابة على مستوى الدولة. والجانب السلبي لها هو أن أغلب البيانات المنقولة يفك تشفيرها من جهة الشبكة الافتراضية الخاصة التجارية. وذلك يعني أنك ستحتاج أن تثق بالشبكة الافتراضية الخاصة التجارية (والبلد الموجودة فيه) كيلا يتنصتوا على بياناتك.,"في بي إن تجارية, في بي إن, VPN",شبكة خاصة افتراضية تجارية,VPN Comercial,"Un Virtual Private Network/Sistema Virtual Privado es un servicio privado que ofrece una ayuda de seguridad a tus comunicaciones de Internet vía su propio sistema. La ventaja de esto es que toda la data que tu envías y recibes está escondida de los sistemas locales, así de esa manera está protegida de los criminales o de ISP no confiables o cibercafés. Un Sistema Virtual Privado podría ser ofrecido por un país extranjero, el cual podría ser útil para ambos para proteger las comunicaciones de los gobiernos locales y cruzar la censura. El lado negativo es que la mayoría del tráfico no es cifrado al otro lado del Sistema Virtual Privado. Esto quiere decir que tu debes confiar en el VPN comercial (y el país donde esté localizado) no espíe su tráfico.",VPN,,
Cookies,,,"Cookies are a web technology that let websites recognize your browser. Cookies were originally designed to allow sites to offer online shopping carts, save preferences or keep you logged on to a site. They also enable tracking and profiling so sites can recognize you and learn more about where you go, which devices you use, and what you are interested in – even if you don't have an account with that site, or aren't logged in.","Think of cookies as like supermarket loyalty cards. You carry the card around, but it's used to identify you between trips, and keep track of what you do when you visit the supermarket.",,الكوكيز (سجلات المتصفح) هي تقنية للويب تسمح للمواقع بتمييز متصفحك. صممت الكوكيز بداية للسماح للمواقع بتقديم عربات التسوق على الإنترنت، وحفظ التفضيلات أو إبقائك مسجلاً للدخول في موقع ما. كما أنها تفعل التتبع كي تميزك المواقع وتعلم المزيد عن أين تذهب والأجهزة التي تستخدمها وماهي اهتماماتك - حتى إن كنت لا تملك حساباً على ذلك الموقع، أو لم تقم بتسجيل الدخول.,"سجل, سجل المتصفح, كوكيز",سجل التتبع,Cookies,"Cookies son una tecnología de la web que deja que los sitios web reconozcan tu búsqueda. Cookies fueron originalmente diseñadas para permitir a los sitios ofrecer shopping carts/canastas de compras, guardar las preferencias o mantener tu entrada en un sitio. Ellos también permiten rastrear y perfilar para que de esta manera los sitios puedan reconocerte y conocer mas hacia donde tu te vas, cual dispositivo tu usas, y en que tu estás interesado – inclusive si tu no tienes una cuenta con ese sitio, o no has entrado en el. ",,,"Piense de las cookies como una tarjeta de supermercado. Te llevas la tarjeta contigo, pero esta se usa para identificarlo a ti entre tus visitas, y mantiene un record de tus visitas al supermercado. "
Corporate Intranet,,,"Companies and other large institutions will usually have some services (email, web, and access to files and printers for instance) that are accessible from within their own local network, but not from outside on the wider Internet. Most companies take this as being sufficient security to protect their internal documents, but this means that any attack that can connect to the intranet can access or interfere with all the information being kept locally. An example of such an attack is tricking an employee to install malware on their laptop.

To allow employees to access the intranet via the wider Internet, companies will often provide their own Virtual Private Network (VPN) which creates a secure connection to the inside of the intranet from anywhere in the world.",,,"تملك الشركات  وغيرها من المؤسسات الضخمة عادة بعض الخدمات (إيميل، شبكة، ووصول إلى الملفات والطابعات مثلاً) يمكن الوصول إليها من شبكتها المحلية، ولكن ليس من الخارج على الإنترنت بشكل عام. تكتفي أغلب الشركات بذلك لحماية أمن مستنداتها الداخلية، ولكن هذا يعني أن أي هجوم يمكنه الاتصال بشبكة إنترانت الداخلية يمكنه الوصول أو العبث بجميع المعلومات المحفوظة محلياً. مثلاً: خداع أحد الموظفين لتثبيت برمجيات خبيثة على جهازه. للسماح لجميع الموظفين بالوصول إلى الشبكة الداخلية ""إنترانت"" من الإنترنت، غالباً ما تقدم الشركات شبكة افتراضية خاصة تنشئ اتصالاً آمناً بالشبكة الداخلية من أي مكان في العالم.",,إنترانت شركة,Internet de corporación,"Compañías y otras largas instituciones usualmente tendrán algunos servicios (por ejemplo, email, web, y acceso a carpeta e impresoras) que están accesibles dentro de su propia red local pero no fuera en una Internet mas amplia. La mayoría de las compañías toman esto como una forma suficientemente segura para proteger sus documentos internos, pero esto significa que cualquier ataque que pueda conectarse con la Intranet puede tener acceso o interferir con toda la información guardada localmente. Un ejemplo de tales ataques es engañando a un empleado para instalar malware en su laptop.

Para permitirles a los empleados acceso a la Intranet vía la Internet, las compañías proveen su propio Virtual Private Network (VPN), la cual crea una conexión segura dentro de la Intranet desde cualquier parte del mundo.",,,
Key,,"public key, private key","In cryptography, a piece of data which gives you the capability to encrypt or decrypt a message.",,مفتاح علني، مفتاح خاص,في علم التشفير، هي قطعة من البيانات توفر إمكانية تشفير أو فك تشفير رسالة ما.,,مفتاح شيفرة,llave,"En criptografía, es una parte de la data que te da la capacidad de cifrar o descifrar un mensaje.",,"llaves publicas, llaves privadas",
Cryptography,,,The art of designing secret codes or ciphers that let you send and receive messages to a recipient without others being able to understand the message.,,,فن تصميم الشيفرات السرية بحيث يمكنك إرسال واستقبال الرسال من شخص ما دون أن يتمكن الآخرون من فهم الرسالة.,علم التشفير,علم التعمية,criptografía,El arte de diseñar códigos secretos o cifrado que le permite enviar y recibir mensajes a un recipiente sin que otros entiendan sus mensajes.,,,
Decrypt,,,Make a secret message or data intelligible. The idea behind encryption is to make messages that can only be decrypted by the person or people who are meant to receive them.,,,جعل رسالة سرية أو بيانات ما غير قابلة للقراءة. الفكرة وراء التشفير هي إنشاء رسائل لا يستطيع فك تشفيرها أحد سوى الشخص أو الأشخاص المرسلة لهم.,,فك تشفير,Descifrado,Hacer un mensaje secreto o data inteligible. La idea detrás del cifrado es hacer un mensaje descifrado solamente legible por la persona que debe recibir este. ,,,
Digital signature,,,A way of using encryption to prove that a particular file or message was truly sent by the person who claims to have sent it,,,طريقة لاستخدام التشفير لإثبات أن ملفاً أو رسالة ما أرسلت فعلاً من قبل الشخص الذي يزعم أنه أرسلها.,,البصمة الرقمية\الالكترونية، أو ((الإمضاء الالكتروني)),Firma digital,Una manera de usar el cifrado para probar que una carpeta en particular o mensaje fue enviado por la persona que realmente es.,,,
Distributed Denial of Service attack,DDoS,,"A method for taking a website or other Internet service offline, by co-ordinating many different computers to request or send data to it simultaneously. Usually the computers used to conduct such an attack are remotely controlled by criminals, who have taken over the machines by breaking into them, or infecting them with malware.",,,أسلوب لتعطيل المواقع أو غيرها من خدمات الإنترنت، عبر تنسيق العديد من الكمبيوترات المختلفة لطلب وإرسال البيانات بنفس الوقت. عادة ما تكون الكمبيوترات المستخدمة لإجراء هذا الهجوم يتحكم بها عن بعد مجرمون سيطروا عليها عبر اختراقها أو إصابتها بالبرمجيات الخبيثة.,DDoS,هجوم منع الخدمة الموزع,Distribución Negada de Ataque de Servicio,"Un método de tomar un sitio web u otro servicio offline/fuera de la linea, coordinando diferentes computadoras para pedir o enviar data a ella simultáneamente. Usualmente las computadoras usadas para conducir dichos ataques están remotamente controladas por criminales, quienes han tomado por asalto los equipos para entrar en ellos, o infectándolos con malware.",DDoS,,
Domain name,,,"The address, in words, of a website or Internet service; for example: ssd.eff.org",,,العنوان، مكتوباً باستخدام أحرف، لموقع ما أو خدمة إنترنت معينة. مثلاً: ssd.eff.org,,اسم نطاق,Nombre del dominio,"La dirección, en letras, de un sitio web o servicio de Internet; por ejemplo: ssd.eff.org",,,
Encryption,,,"A process that takes a message and makes it unreadable except to a person who knows how to ""decrypt"" it back into a readable form.",,,عملية تأخذ الرسائل وتجعلها غير مقروءة سوى من قبل الشخص الذي يعرف كيفية فك تشفيرها ليجعلها قابلة للقراءة مجدداً.,شيفرة,تشفير,Cifrado,"Un proceso que toma un mensaje y lo hace ilegible excepto a la persona que sabe como ""descifrarlo"" este a una forma legible.",,,
Encryption key,,,"An encryption key is a piece of information that is used to convert a message into an unreadable form. In some cases, you need the same encryption key to decode the message. In others, the encryption key and decryption key are different.",,,مفتاح التشفير هو قطعة من البيانات تستخدم لتحويل رسالة إلى شكل غير مقروء. في بعض الحالات، ستحتاج إلى نفس المفتاح لفك تشفير الرسالة. وفي حالات أخرى يكون مفتاح فك التشفير مختلفاً عن مفتاح التشفير.,مفتاح شيفرة,مفتاح تشفير,Llave de cifrado,"Una llave de cifrado es una porción de información que es utilizada para convertir un mensaje en forma ilegible. En algunos casos, tu necesitas la misma llave de cifrado para descifrar el mensaje. En otros casos, las llaves de cifrado y descifrado son diferentes llaves.",,,
End-to-end encryption,,,"End-to-end encryption ensures that a message is turned into a secret message by its original sender,  and decoded only by its final recipient. Other forms of encryption may depend on encryption performed by third-parties. That means that those parties have to be trusted with the original text. End-to-end encryption is generally regarded as safer, because it reduces the number of parties who might be able to interfere or break the encryption.","Suppose you were very rich, and paid someone else to seal or unseal all your letters. Even if the seal was perfect, the person you paid still has access to your original messages: they might be bribed or corrupted or just robbed for the messages. End-to-end encryption is like insisting that messages only be sealed or opened by the sender and addressee of the message: it's like insisting every message has ""for your eyes only"" on it.",,تضمن الشيفرة المتبادلة بين طرفين تحويل رسالة إلى رسالة سرية من قبل مرسلها الأصلي، وفك تشفيرها فقط من قبل المستقبل النهائي المقصود. قد تعتمد أشكال التشفير الأخرى على تشفير تجريه أطراف ثالثة. وذلك يعني أن تلك الأطراف يجب أن تكون موثوقة لتعاملها مع النص الأصلي. يعتبر التشفير المتبادل بين طرفين عادة أكثر أمناً حيث أنه يقلص عدد الأطراف القادرة على التدخل أو فك التشفير.,,شيفرة متبادلة بين طرفين,Cifrado de punta-a-punta,"Cifrado de-punta-a-punta le asegura que un mensaje sea convertido en un mensaje secreto en su envío original, y se descifra solo por el recipiente final. Otras formas de cifrado podrían depender en cifrados hechos por una tercera-persona. Esto significa que esas personas tienen que ser confiables con el texto original. Cifrado de-punta-a-punta es generalmente acogido como seguros, porque este reduce el número de personas que puedan interferir o romper el cifrado. ",,,"Suponga que tu eres  muy rico, y la pagues a alguien para cerrar o abrir todas tus cartas. Inclusive aunque tus cartas sean cerradas perfectamente, la persona a la cual tu le pagues tiene acceso a tus mensajes originales: ellos pueden ser sobornados o corrompidos o simplemente le roban el mensaje. End-to-end encryption/ Cifrado de punta-a- punta es como insistir que el mensaje solo pueda ser cerrado o abierto por él que lo envía y recibe el mensaje: es como insistir cada vez que el mensaje sea para ti solamente.  "
File system,,,"Where data is stored, usually locally, on your computer or other device. File systems are usually where personal documents and notes are stored for easy access.",,,مكان تخزين البيانات - محلياً عادة - على جهازك. تخزن المستندات والملاحظات الشخصية عادة في نظام الملفات ليتم الوصول إليها بسهولة.,,نظام الملفات,Sistema de archivos,"Esta es donde se guarda la data, usualmente local, o en tu computadora u otro dispositivo. Los sistemas de carpetas son usualmente donde documentos personales y notas son guardados para un acceso fácil.",,,
File Transfer Protocol (FTP server),,,"An old method for copying files from a local computer to a remote one, or vice versa. The job of FTP programs (and the FTP servers that stored the files) have mostly been replaced by web browsers and web servers, or file synchronising programs like Dropbox.",,,أسلوب قديم لنسخ الملفات من كمبيوتر محلي إلى آخر بعيد، أو بالعكس. مهمة برامج FTP (وسيرفرات FTP التي تخزن البيانات) استبدلتها المتصفحات ومخدمات الويب، أو خدمات مزامنة الملفات مثل Dropbox.,,بروتوكول نقل الملفات FTP,File Transfer Protocol (FTP server),"Un método viejo para copiar carpetas desde una computadora local a una remota, o viceversa. El trabajo de los programas FTP (y el servidor FTP que guarda las carpetas) han sido mayormente reemplazados por buscadores web y los servidores de web, o programas sincronizadores como Dropbox.",,,
Firewall,,,"A tool that protects a computer from unwanted connections to or from local networks and the Internet. A firewall might have rules that forbid outgoing email, or connections to certain websites. Firewalls can be used as a first line of defense to protect a device from unexpected interference. Or they can be used to prevent users from using the Internet in certain ways.",,,أداة تحمي الكمبيوتر من الاتصالات غير المرغوبة من وإلى الشبكات المحلية والإنترنت. قد يكون للجدار الناري قواعد تمنع إرسال البريد الإلكتروني أو الاتصال بمواقع معينة. يمكن استخدام الجدر النارية كخط دفاع أول يحمي الجهاز من التدخل غير المتوقع. أو قد تستخدم لمنع المستخدمين من استخدام الإنترنت بطرق معينة.,,جدار ناري,Firewall,"Una herramienta que protege una computadora de conexiones indeseadas a /o de un sistema local y la red de la Internet. Un firewall puede tener reglas que prohiben que salgan email, o conexiones a ciertos sitios web. Firewalls puede ser utilizados como una primera linea de defensa para proteger un dispositivo de interferencias inesperadas. O pueden ser utilizadas para prevenir a los usuarios usar la Internet de ciertas maneras. ",,,
"Free, libre and open source software",FLOSS,,"Open source software, or free software, is software that can be distributed freely in a form that lets others modify it and rebuild it from scratch. While it is known as “free software”, it's not necessarily free as in zero-cost: FLOSS programmers can ask for donations, or charge for support or for copies. Linux is an example of a free, open source program, as are Firefox and Tor.",,,"البرمجيات مفتوحة المصدر - أو البرمجيات الحرة - هي برمجيات يمكن توزيعها بحرية بشكل يسمح للآخرين بتعديلها وإعادة تكوينها مجدداً. في حين أنها حرة فقد لا تكون ""مجانية"": مبرمجو FLOSS يمكن لهم طلب التبرعات أو تقاضي أجرة لتقديم الدعم أو لبعض النسخ. لينوكس مثال على برنامج حر مفتوح المصدر، مثل فايرفوكس وتور Tor.","برمجيات حرة ومفتوحة المصدر, FLOSS",البرمجيات الحرة والمصدر المشاعي,Software gratis de fuente abierta,"Open source software/Fuente abierta software, o libre software, es un software que puede ser distribuido de forma gratis que lo dejan modificar a otros y construirlo desde su base. Mientras que este se conoce como un “free software/libre software”, este no es necesariamente gratis/libre como decir libre de costo: los programadores de FLOSS pueden solicitar  donaciones o cobrar por apoyo o copias. Linux es un ejemplo de un programa de fuente abierta como los son Firefox y Tor.",FLOSS,,
Full disk encryption,,,"If you're planning on securing data on your local device, you could choose to just encrypt a few key files, or you could encrypt everything on the computer. “Full disk encryption” is the term for encrypting everything. It's usually safer (and often easier) to use full disk encryption than to manage just a few individually encrypted files. If you try to encrypt just individual files, your computer might make temporary unencrypted copies of those files without you noticing. And some software might keep some unencrypted records about your use of your computer. Apple's OS X, Linux and high-end versions of Windows all have built-in full disk encryption, but it is usually not turned on by default.",,,"إذا كنت تخطط لحماية البيانات على جهازك المحلي، يمكنك أن تختار تشفير بضعة ملفات هامة فقط، أو تشفير كل شيء على الجهاز. ""تشفير القرص بأكمله"" مصطلح لتشفير كل شيء. عادة تشفير القرص بأكمله أكثر أمناً (وسهولة) من إدارة بضعة ملفات مشفرة فقط. إذا جربت تشفير بضعة ملفات، قد يحوي جهازك نسخاً مؤقتة غير مشفرة من تلك الملفات دون أن تدري. وقد تحتفظ بعض البرامج بسجلات غير مشفرة حول استخدامك للكمبيوتر. ماك OS X ولينوكس والنسخ الاحترافية من ويندوز تحوي جميعاً تشفير القرص كاملاً بشكل مدمج، ولكن الميزة غير مفعلة بشكل افتراضي.",,تعمية قرص بأكمله,Cifrado de disco completo,"Si tu estás planeando en asegurar tu data en un dispositivo local, tu puedes optar por cifrar unas carpetas importantes, o tu puedes cifrarlo todo en tu computadora. “Cifrado de disco completo/Full disk encryption” es el termino para cifrarlo todo. Este es usualmente (y muchas veces el mas fácil) usar el cifrado del disco completo que trabajar en unos cuantas carpetas individuales. Si tu solo tratas de cifrar unas carpetas individuales, tu computadora podría temporariamente descifrar copias de estas carpetas sin usted darse cuenta. Y algunos software podrían mantener algunos de esos records descifrados sobre el uso de tu computadora. El OS X de Apple, Linux y y versiones mas avanzadas de Windows todos ellos tienen construidos-adentro cifrado de discos completos, pero no son usualmente activados de forma preventiva.",,,
HTTPS,HTTP v. HTTPS?,,"If you've ever seen a web address spelled out as “http://www.example.com/”, you'll recognize the “http” bit of this term. HTTP (hypertext transfer protocol) is the way a web browser on your machine talks to a remote web server. Unfortunately, standard http sends text insecurely across the Internet. HTTPS (the S stands for “secure”) uses encryption to better protect the data you send to websites, and the information they return to you, from prying eyes.",,,"إذا رأيت عنوان موقع مكتوباً بشكل كامل مثل “http://www.example.com/” فبلا شك ستميز جزء “http” منه. HTTP أي (hypertext transfer protocol) ""بروتوكول نقل النص الفائق"" هو الطريقة التي يتحدث بها متصفح الإنترنت على جهازك مع مخدم ويب بعيد. للأسف، يرسل http العادي النص بشكل غير آمن عبر الإنترنت. يستخدم HTTPS (حيث S تشير لـSecure أي ""آمن"") التشفير لحماية البيانات التي ترسلها لمواقع الإنترنت والبيانات ترسلها لك بشكل أفضل من عيون المتلصصين.",,HTTPS,HTTPS,"Si alguna vez has visto una dirección web como “http://www.example.com/”, tu podrás reconocer la parte “http” de este termino. HTTP (hypertext transfer protocol) es la manera que un buscador en su computadora conversa con un servidor web remoto. Desafortunadamente, un http estándar envía textos inseguros a través de la Internet. HTTPS (la S ocupa la parte “seguro”) usan el cifrado para proteger mejor la data que tu envías a los sitios web, y la información que le devuelven, de los mirones.",HTTP v. HTTPS?,,
IMAP settings,,,"IMAP is the way that many email programs communicate with services that send, receive and store your email. By changing the IMAP settings on your email program, you can choose to load email from different servers or set the level of security and encryption used to transfer the mail across the Internet to you.",,,إن IMAP هي الطريقة التي يتواصل بها العديد من برامج البريد الإلكتروني مع المخدمات التي ترسل وتستقبل وتخزن البريد الإلكتروني. بتغيير إعدادات IMAP على برنامج البريد الإلكتروني يمكنك اختيار تحميل البريد الإلكتروني من مخدمات مختلفة أو ضبط مستوى الأمان والتشفير المستخدم لنقل البريد عبر الإنترنت إليك.,,إعدادات IMAP,Ajustes IMAP,"IMAP es la manera en que muchos de los programas de email con los servicios que envían, reciben y guardan tu email. El cambiar los ajustes de IMAP en su programa de email, tu puedes escoger “bajar los email” en diferentes servidores o establecer el nivel de seguridad y cifrado utilizados para transferir el correo/email a través de la Internet hacia ti mismo. ",,,
Indicators of compromise,,,Clues that show that your device may have been broken into or tampered with.,,,أدلة تشير إلى أنه قد تم اختراق جهازك أو العبث به.,,مؤشرات الاختراق,Indicadores de compromiso,Son una pista que le demuestran que tu dispositivo ha sido violado o comprometido. ,,,
Internet filtering,blocking,,Filtering is the politer term for blocking or censoring Internet traffic.,,,الفلترة هي مصطلح أكثر لطافة للإشارة إلى الحجب أو الرقابة على مرور شبكة الإنترنت.,"فلترة, حظر",حجب الإنترنت,Filtrado de Internet,Filtering/Filtrado es un termino pasivo para decir que cerrado/blocking o censurado al tráfico de la Internet.,blocking/bloqueo,,
Internet Service Provider (ISP),ISP,,"The company or organisation that provides your initial link to the Internet. The governments of many countries exert control over the Internet, using means such as filtering and surveillance, through the ISPs that operate in those countries.",,,الشركة أو المنظمة التي تقدم لك الوصلة المبدئية للوصول إلى الإنترنت. تفرض العيديد من الحكومات قيوداً على الإنترنت، وتستخدم طرقاً مثل الحجب والمراقبة عبر مزودي خدمة الإنترنت الذين يعملون في تلك الدول.,,مزود خدمة إنترنت,Proveedor de Servicio de Internet,"La compañía u organización que provee el enlace inicial a la Internet. Los gobiernos de muchos países ejercen control sobre el Internet, usando metódos tales como filtrar y vigilar, a través de los ISP que operan en esos países.",ISP,,
IP address,,,"A device on the Internet needs its own address to receive data, just like a home or business needs a street address to receive physical mail. This address is its IP (Internet Protocol) address. When you connect to a web site or other server online, you usually reveal your own IP address. This doesn't necessarily reveal either your identity (it's hard to map an IP address to a real address or a particular computer). An IP address can give away some information about you, however, such as your rough location or the name of your Internet Service Provider. Services like Tor let you hide your IP address, which helps give you anonymity online.",,,أي جهاز على الإنترنت يحتاج لعنوان خاص به لاستقبال البيانات مثلما يحتاج منزل لعنوان شارع لاستقبال البريد الفعلي. هذا العنوان هو عنوان IP (بروتوكول الإنترنت). عندما تتصل بموقع أو بخدمة على الإنترنت عادة ما تكشف عنوان IP الخاص بك. هذا لا يعني بالضرورة أتك تكشف عن هويتك (من الصعب ربط عنوان IP بعنوان جغرافي أو جهاز كمبيوتر معين). يمكن لعنوان IP أن يكشف بعض المعلومات عنك مثل موقعك التقريبي أو اسم مزود خدمة الإنترنت خاصتك. تسمح لك بعض الخدمات مثل Tor بإخفاء عنوان IP خاصتك مما يسمح لك بسرية الهوية على الإنترنت.,تعريف آي بي,عنوان IP,Dirección IP,"Un dispositivo en la red de internet necesita su propia dirección para recibir data, de la misma manera que una casa o un negocio necesita su propia dirección para recibir sus correspondencias físicas. Esta dirección es su IP (Internet Protocol/ Protocolo Internet) dirección. Cuando usted se conecta a un sitio web u otro servidor en la linea, usted usualmente revela su dirección IP. Esto no necesariamente revela su identidad (es muy difícil hace un mapa de la dirección IP para conocer la dirección real o una computadora en particular). Una dirección IP puede dar ciertas informaciones sobre usted, y esta sería de forma general como la localidad o nombre de su Proveedor de Servicios de Internet. Servicios como Tor deja que usted esconda su dirección IP, la cual te ayuda a tener anonimato en la linea.",,,
Key verification,"public key cryptography, key-signing party",,"In public key cryptography, each person has a set of keys. To send a message securely to a particular person, you encrypt your message using their public key. An attacker may be able to trick you into using their key, which means that they will be able to read your message, instead of the intended recipient. That means that you have to verify that a key is being used by a particular person. Key verification is any way that lets you match a key to a person.",,,في علم تشفير المفاتيح العلنية (أو العمومية)، لكل شخص مجموعة خاصة من المفاتيح. لإرسال رسالة بسرية لشخص معين، تشفر رسالتك باستخدام مفتاحهم العلني. قد يتمكن مهاجم من خداعك لاستخدام مفتاحه مما يعني أنه سيقدر على قراءة رسالتك عوضاً عن المتلقي المقصود. وذلك يعني أنه يتوجب عليك التحقق من أن المفتاح يعود للشخص المطلوب فعلاً. التحقق من المفاتيح هو أي وسيلة تمكنك من ربط مفتاح معين بشخص ما.,"التحقق من المفاتيح, مفاتيح التشفير العلنية, حفلة توقيع المفاتيح",توثق من المفاتيح,Verificación de llaves,"En llave de criptografía pública, cada persona tiene un grupo de llaves. Para enviar un mensaje seguro a una persona en particular,tu cifras tu mensaje usando tus llaves públicas. Un asaltante podría estar en condición de engañarlo usando tus llaves, lo cual quiere decir que ellos podrían leer tus mensajes, en vez del recipiente indicado. Esto significa que tu debes de verificar una llave ha sido usada por una persona en particular. La verificación de llaves es cualquier forma que te deje verificar que ésta concuerda con una persona. ",criptografía de llaves públicas,,
Key-signing party,cryptoparty,key verification,"When you're using public key encryption, it's important to be sure that the key you use to encrypt a message really belongs to the recipient (see key verification). PGP makes this a little easier by having a way to tell others ""I believe this key belongs to this person -- and if you trust me, you should believe that too."" Telling the world that you trust someone's key is called ""signing their key"": it means anyone who uses that key can see you vouched for it. To encourage everyone to check and sign each others keys, PGP users organize key-signing parties. They're almost, but not quite, as exciting as they sound.","It's like a networking party, where you introduce your friends to other friends.",التحقق من المفاتيح,"عندما تستخدم التشفير عبر المفتاح العلني، من المهم التأكد أن المفتاح الذي تستخدمه لتشفير رسالة ما يعود بالفعل للمتلقي المقصود (انظر ""التحقق من المفاتيح""). يسهل PGP ذلك بعض الشيء عبر توفير طريقة لإخبار الآخرين ""أنا أعتقد بأن هذا المفتاح يعود لهذا الشخص -- وإذا كنت تثق بي، يتوجب عليك أن تصدق ذلك أيضاً"". إخبار العالم بأنك تثق بمفتاح شخص ما يدعى ""توقيع مفتاحهم"": ذلك يعني أن أي شخص يستخدم ذلك المفتاح يستطيع أن يرى أنك تعهدت بموثوقيته. لتشجيع الجميع على التحقق من المفاتيح وتوقيع مفاتيح الآخرين، ينظم مستخدمو PGP حفلات لتوقيع المفاتيح. ","حفلة تشفير, حفلة تعمية",حفلة لتوقيع المفاتيح,Fiesta firmado de llaves,"Cuando tu estás usando una llave pública de cifrado, es importante estar seguro que la llave que tu usas para cifrar un mensaje, realmente pertenece al recipiente (vea “ verificación de llaves”). PGP hace de eso algo mas fácil, por tener una manera de decirle a otros ""Yo creo que esta llave pertenece a esta persona – y si me confías, usted debe creerlo también."" Decirle al mundo que usted confía la llave de alguien se llama ""firmando sus llaves"": esto quiere decir que alguien que usa esa llave puede ver que tu lo respaldas. Para animar que todos revisen y firmen la llave de cada uno de los otros, los usuarios del PGP organizan fiestas de firmado-de-llaves. Estas son casi muy divertidas, pero no tanto como ellas suenan. ",fiesta-criptografía,verificación de llaves,"Esto es como una fiesta de creación de redes, donde usted introduce a un amigo a otros amigos."
Keylogger,,,"A malicious program or device that records everything you type into a device, including passwords and other personal details, allowing others to secretly collect that information.  (The ""key"" in keylogger refers to the keys you have on your keyboard.) Keyloggers are often malware that users have been tricked into downloading and running, or occasionally physical hardware secretly plugged into a keyboard or device.",,,"برنامج أو جهاز خبيث يسجل كل ما تكتبه على جهازك، وذلك يتضمن كلمات المرور وغيرها من التفاصيل الشخصية، مما يسمح للآخرين بجمع تلك المعلومات بسرية. (كلمة ""مفتاح"" تشير إلى المفاتيح على لوحة المفاتيح). مسجلات ضربات المفاتيح غالباً ما تكون برمجيات خبيثة يخدع المستخدمون بتنزيلها وتشغيلها، أو أحياناً قد تكون جهازاً فعلياً يتصل سرياً بلوحة المفاتيح أو بجهازك.",,مسجّل ضربات لوحة المفاتيح,Interruptor del alfabeto/Tablero alfabético ,"Un programa maligno o dispositivo que grabe todo lo que tu escribas en el dispositivo,  incluyendo las claves y otros detalles personales, permitiéndoles a otros colectar secretamente esa información. (La ""key/llave/tecla"" en keylogger se refiere a las llaves/teclas que tu tienes en tu tablero alfabético.) Keyloggers son muchas veces malware que los usuarios han sido engañados para que lo bajen y operen, o ocasionalmente hardware físico secretamente instalado dentro de tu tablero alfabético o dispositivo. ",,,
Key pair,,key,"To receive encrypted messages using public key cryptography (and to reliably inform others that a message genuinely came from you), you need to create two keys. One, the private key, you keep secret. The other, the public key, you can let anyone see. The two keys are connected mathematically, and are often collectively known as a ""keypair"".",,مفتاح,"لتلقي الرسائل المشفرة باستخدام المفتاح العلني (ولإعلام الآخرين أن رسالة مشفرة ما أرسلت من قبلك فعلاً)، ستحتاج لإنشاء مفتاحين. أولاً، المفتاح الخاص، وتبقيه سرياً. والآخر هو المفتاح العلني الذي يمكنك أن تريه لأي شخص. المفتاح مرتبطان رياضياً وغالباً ما يشار إليهما سوياً بعبارة ""زوج المفاتيح"".",,زوج مفاتيح,Par de llaves,"Para recibir un mensaje cifrado usando llave pública criptografiada/cifrada (y para informar a otros de manera confiable que un mensaje ha venido de ti de manera segura), tu necesitas crear dos llaves. Una, la llave privada, que tu la mantiene secreta y la otra, la llave pública, la que le dejas ver a cualquiera. Las dos llaves están conectadas matemáticamente, y son conocidas de manera colectiva como un ""keypair/par de llaves.”",,llave,
Keyring,,,"If you use public key cryptography, you'll need to keep track of many keys: your secret, private key, your public key, and the public keys of everyone you communicate with. The collection of these keys is often referred to as your keyring.",,,"إذا كنت تستخدم التشفير عبر المفتاح العلني، ستحتاج لتتبع العديد من المفاتيح: مفتاحك السري، ومفتاحك العلني، والمفاتيح العلنية لجميع الأشخاص الذين تتواصل معهم. مجموعة المفاتيح هذه تعرف باسم ""سلسلة المفاتيح"" الخاصة بك.",سلسلة مفاتيح,ملف مفاتيح كلمات السر,Llavero,"Si usted usa una criptografía pública, usted necesita mantener el control de muchas llaves: sus secretos, llaves privadas, su llave pública, y la llave pública de cada una de las personas con la que usted se comunica. La colección de estas llaves se refiere muchas veces como su llavero/keyring.",,,
Malware,malicious software,,"Malware is short for malicious software: programs that are designed to conduct unwanted actions on your device. Computer viruses are malware. So are programs that steal passwords, secretly record you, or delete your data.",,,البرمجيات الخبيثة هي برمجيات مصممة للقيام بأفعال غير مرغوب بها على جهازك. فيروسات الكمبيوتر برمجيات خبيثة، كما أن البرامج التي تسرق كلمات السر أو تسجل أنشطتك بشكل سري أو تحذف بياناتك هي برمجيات خبيثة أيضاً.,,برمجيات خبيثة,Malware,"“Malware” es una forma abreviada para decir “software maligno,” un programa que es designado para conducir acciones no requeridas en tu dispositivo. Los virus de computadoras son malware como también son los programas que roban tus claves, que secretamente te graban, o te borran tu data.",software malignos,,
Man-in-the-middle attack (MITM),,,"Suppose you believe you were speaking to your friend, Bahram, via encrypted instant messager. To check it's really him, you ask him to tell you the city where you first met. ""Istanbul"" comes the reply. That's correct! Unfortunately, without you or Bahram knowing, someone else online has been intercepting all your communications. When you first connected to Bahram, you actually connected to this person, and she, in turn, connected to Bahram. When you think you are asking Bahram a question, she receives your message, relays the question to Bahram, receives his answer back , and then sends it to you. Even though you think you are communicating securely with Bahram, you are, in fact, only communicating securely with the spy, who is also communicating securely to Bahram! This is the man-in-the-middle attack. Men-in-the-middle can spy on communications or even insert false or misleading messages into your communications. Security-focused internet communications software needs to defend against the man-in-the-middle attack to be safe against attackers who have control of any part of the Internet between two communicators.",,,"افترض أنك كنت تعتقد أنك تتحدث إلى صديقتك ""بهية"" عبر الرسائل المباشرة المشفرة. لتتأكد من أنها هي فعلاً، تطلب منها أن تخبرك عن المدينة التي التقيتما فيها لأول مرة. تأتي الإجابة ""إسطنبول"". ذلك صحيح! للأسف، دون معرفتك أو معرفة بهية، كان هناك شخص آخر يعترض كافة اتصالاتكما على الإنترنت. عندما اتصلت ببهية لأول مرة، كنت قد اتصلت فعلياً بالمتنصت، وهو بدوره قام بوصلك ببهية. عندما كنت تعتقد أنك تسأل بهية، كان المتنصت يستقبل رسالتك، يحولها لبهية ويستقبل جوابها، ومن ثم يرسل الرد لك. حتى لو كنت تعتقد أنك تتواصل بشكل آمن مع بهية، أنت فعلياً تتواصل بشكل آمن مع الجاسوس، والذي بدوره يتواصل بشكل آمن مع بهية! هذا ما يدعى ""هجوم الرجل-في-المنتصف"". يمكن ""للرجل-في-المنتصف"" التجسس على الاتصالات وحتى إدخال رسائل مزيفة أو مضللة في اتصالاتك. تحتاج برامج التواصل عبر الإنترنت التي تركز على الأمان لأن تحرس ضد هجمات كهذه لتكون آمناً بمواجهة المهاجمين الذي يتحكمون بأي جزء من الإنترنت بين الشخصين الذين يتواصلان.","هجوم في الطريق, الهجوم في المنتصف",هجوم الرجل-في-الوسط,Ataque tipo “hombre en el medio”,"Supongamos que tu te crees que te estás comunicando con un amigo, Bahram, via mensaje instantáneo cifrado/encrypted instant messager. Para verificar que es realmente él, tu le preguntas en que ciudad ustedes se conocieron. ""Estambul"" viene como respuesta. Eso es correcto! Desafortunadamente alguíen en la linea ha estado interceptando todas sus comunicaciones, sin el conocimiento de ustedes. Cuando tu primeramente te conectas a Bahram, tu actualmente te estás conectando con esa persona, y éste de regreso, se conecta a Bahram. Cuando tu estás pensando que le está preguntado una pregunta a Bahram, ella recibe tu mensaje, y le pasa esa pregunta a Bahram, recibe el mensaje de regreso y se la envía a ti. Sin embargo, cuando tu piensas que te estás comunicando seguramente con Bahram, de hecho, tu te estás comunicando de manera segura con el espía, quien a la misma vez se está comunicando de manera segura con Bahram! Esto es un ataque del un tipo llamado “hombre en el medio.” El hombre en el medio puede espiar en tus comunicaciones e inclusive puede ofrecer mensajes falsos e engañosos en sus comunicaciones. Software de comunicaciones de Internet enfocadas en seguridad necesitan defenderse de los ataques del hombre en el medio para que éstas sean seguras contra los ataques de aquellos que tengan control de cualquier parte del Internet entre los dos comunicantes. ",,,
Master password,,,A password used to unlock a store of other passwords or other ways to unlock programs or messages. You should make a master password as strong as you can.,,,كلمة سر تستخدم لفك قفل كلمات سر أخرى أو برامج أو رسائل. يتوجب عليك أن تجعلها قوية قدر الإمكان.,كلمة مرور رئيسة,كلمة سر أساسية,Clave maestra,Una clave usada para abrir un establecimiento de otra contraseña u otra manera de abrir programas o mensajes. Tu debes de crear una clave maestra lo mas fuerte que puedas. ,,,
Metadata,,,"Metadata (or ""data about data"") is everything about a piece of information, apart from the information itself. So the content of a message is not metadata, but who sent it, when, where from, and to whom, are all examples of metadata. Legal systems often protect content more than metadata: for instance, in the United States, law enforcement needs a warrant to listen to a person's telephone calls, but claims the right to obtain the list of who you have called far more easily. However, metadata can often reveal a great deal, and will often need to be protected as carefully as the data it describes.",لناخذ مثلاً كتاب. هناك معلومات في صلب الكتاب تتلخص في مضمونه، إلا أنه لكل كتاب بيانات وصفية مثل العنوان وتاريخ النشر، الخ.,,"البيانات الوصفية (أو ""البيانات حول البيانات"") هي كل شيء حول قطعة من المعلومات ولا تتضمن المعلومة نفسها. لذا محتوى الرسالة ليس بيانات وصفية، ولكن من أرسلها ومتى ومن أين ولمن كلها أمثلة على بيانات وصفية. غالباُ ما تحمي النظم التشريعية المحتوى أكثر من البيانات الوصفية: على سبيل المثال، في الولايات المتحدة تحتاج قوات تطبيق القانون لمذكرة للتنصت على مكالمات شخص ما، ولكن لها الحق في الحصول على قائمة بالأشخاص الذين اتصلت بهم بشكل أكثر سهولة. ولكن البيانات الوصفية غالباً ما تكشف الكثير، وستحتاج لحمايتها بنفس الحرص الذي تحمي به البيانات التي تصفها.",بيانات فوقية,بيانات وصفية,Metadata,"Metadata (o ""data sobre data"") es todo sobre una parte de la información, aparte de la  información. Entonces de esa manera el contenido de un mensaje no es metadata, sino quien envía ésta, cuando, de donde, y de quien, todos estos son ejemplos de metadata. Los sistemas legales muchas veces protegen el contenido mas que la metadata; de hecho, en los Estados Unidos, los cuerpos del orden público necesitan una orden judicial para poder escuchar las llamadas telefónicas de una persona, pero reclaman el derecho a obtener la lista de quien tu llamas mas fácilmente. Sin embargo, la metadata muchas veces puede revelar muchas cosas, y muchas veces necesita ser protegida tan cuidadosamente como la data que ella describe.",,,
Off-the-Record (OTR),OTR,,"Instant messaging systems are often unencrypted. OTR is a way of adding encryption to them, so that you can keep using familiar networks like Facebook chat, Google Chat or Hangouts, or Microsoft Messenger, but with your messages more resistant to surveillance.",,,أنظمة التراسل المباشر غير مشفرة غالباً. OTR هو طريقة لتشفيرها بحيث يمكنك متابعة استخدام الشبكات المألوفة مثل Facebook chat وGoogle Hangouts ولكن بحيث تتكون رسائلك أكثر مقاومة للمراقبة.,,خارج السجل ,Fuera de Record,"Mensajes instantáneos muchas veces no están cifrados. “Fuera de record,” o “OTR” por sus siglos en inglés, es una manera de agregar cifrado a ellos; de esa manera tu puedes seguir utilizando cadenas de comunicaciones familiares como Facebook chat, Google Chat o Hangouts, o Microsoft Messenger, pero con mensajes mas resistentes al espionaje.",OTR,,
One-time password,,,"Passwords are usually semi-permanent: once you set them up, you can keep using them until you manually change or reset them. One-time passwords only work once. Some one-time password systems work by having a tool or program that can create many different one-time passwords, that you use in turn. This is useful if you're afraid that there may be a key-logger on a system where you have to type in a password.",,,كلمات السر عادة ما تكون شبه دائمة: بمجرد وضعها، يمكنك استخدامها بشكل متواصل إلى أن تغيرها يدوياً أو تعيد ضبطها. كلمة المرور لاستخدام واحد لا تعمل سوى مرة واحدة فقط. تحوي بعض الأنظمة التي تعتمد كلمات المرور لاستخدام واحد على أداة أو برنامج قادر على توليد الكثير من كلمات المرور لاستخدام واحد، والتي تستعملها واحدة تلو الأخرى. هذا مفيد في حال كنت تخشى وجود مسجل لضربات المفاتيح keylogger على نظام تستخدمه لكتابة كلمة المرور الخاصة بك.,,كلمة مرور لاستخدام واحد,Clave de-una-vez,"Las claves son usualmente semi-permanentes: una vez que tu las has establecidas, tu puedes usarlas hasta que tu las cambies manualmente o las re-establezcas. Las claves de una-vez solamente, solo trabajan una vez. Algunos sistemas de claves de una-vez funcionan teniendo un programa o herramienta que pueden crear diversas claves de una-vez, que tu puedes usar cada vez. Estas son beneficiosas si tu tienes temor que halla alguien que pueda entrar en un sistema donde tu tienes que entrar la clave.",,,
Operating system,,,"A program that runs all the other programs on a computer. Windows, Android and Apple's OS X and iOS are all examples of operating systems.",,,برنامج يدير كافة البرامج الأخرى على الكمبيوتر. من الأمثلة على أنظمة التشغيل: ويندوز، أندرويد، آبل OS X.,,نظام تشغيل,Sistema de operación,"Un programa que opera los otros programas en una computadora. Windows, Android y  Apple OS X, iOS son ejemplos todos de un sistema de operación. ",,,
Out-of-band verification,,,"""Out-of-band"" means any way of communicating outside of the current method. Verifying the identity of the person you're talking to over an insecure communication system often requires communicating out-of-band via another method that is less vulnerable to the same kind of attack. So, for instance, you might check that you are using someone's correct public key by talking to them in person, before using it to encrypt your email.",,,"""خارج الحزمة"" يعني أي وسيلة للتواصل خارج الأسلوب المستخدم حالياً. التحقق من هوية شخص تتحدث معه عبر نظام اتصالات غير آمن غالباً ما يتطلب التواصل خارج الحزمة باستخدام أسلوب آخر أقل عرضة لنفس النوع من الهجوم. لذا على سبيل المثال، قد ترغب بالتحقق من أنك تستخدم المفتاح العلني الصحيح لشخص ما بالتحدث معه وجها لوجه قبل استخدام المفتاح لتشفير رسائلك إليه.",,التوثيق خارج الحزمة,Verificación fuera de banda,"""Out-of-band/Fuera de banda"" significa cualquier manera de comunicación fuera de los métodos corrientes. Verificar la identidad de una persona que tu estás hablando sobre un sistema de comunicación insegura muchas veces requiere comunicación fuera de banda por la vía de otro método que es menos vulnerable a estos tipos de ataques. De hecho, digamos, tu podrías comprobar que tu estás usando la llave pública correcta de alguien hablando con ellos en persona, antes de usar éste cifrando su mensaje/email.",,,
Passive adversary,,,"A passive adversary is one that can listen to your communications, but cannot directly tamper with them.",,,الخصم الصامت هو الخصم الذي يستطيع التنصت على اتصالاتك، ولكن لا يستطيع العبث بها بشكل مباشر.,,خصم صامت,Adversario pasivo,"Un adversario pasivo puede escuchar tu conversación, pero no puede interfiere directamente con ella.",,,
Passphrase,,,"A passphrase is a kind of password. We use ""passphrase"" to convey the idea that a password which is a single word is far too short to protect you and a longer phrase is much better. The webcomic XKCD has a good explaination. http://xkcd.com/936/",,,"عبارة المرور هي نوع من كلمات السر. نستخدم تعبير ""عبارة المرور"" لإيصال فكرة أن كلمة السر التي تتألف من كلمة واحدة فقط هي قصيرة جداً وغير قادرة على حمايتك واستخدام عبارة أطول هو أفضل بكثير. الكوميك XKCD يقدم شرحاً جيداً للفكرة: http://xkcd.com/936/",عبارة مرور,عبارة السر,Passphrase,"Un passphrase es un tipo de clave. Nosotros usamos ""passphrase"" para traer la idea de una clave la cual es una sola frase muy corta para protegerte y una frase mas larga es mucho mejor. El webcomic XKCD tiene una mejor explicación. http://xkcd.com/936/",,,
Password manager,Secure password database; password safe,,A tool that can encrypt and store your passwords using a single master password making it practical to use many different passwords on different sites and services without having to memorize them.,,,أداة يمكنها تشفير وتخزين كلمات السر باستخدام كلمة سر رئيسية واحدة بحيث يصبح من الممكن استخدام العديد من كلمات السر المختلفة على المواقع المختلفة دون الحاجة لتذكرها جميعاً.,,مدير عبارات المرور,Administrador de clave,"Una herramienta que puede cifrar y guardar tus claves usando una sola clave maestra, haciendo práctico el uso de diferentes claves en diferentes sitios y servicios sin tener que memorizar éstas.",Base de datos de claves seguras; seguro de claves ,,
Forward secrecy,Perfect forward secrecy,,"A property of a secure messaging system which ensures that your past
communications can remain secure even if one of the private keys is stolen
later.  

For HTTPS websites, forward secrecy is an important protection against
adversaries like intelligence agencies which may record large amounts of
traffic and use a stolen key to decrypt it.  For instant messaging and
chat systems, forward secrecy is necessary to ensure that deleted
messages are really deleted, but you will also need to either
[disabled logging] or [securely delete past messages].",,,"خاصية من خواص نظم التراسل الآمن تضمن أن اتصالات السابقة ستبقى آمنة حتى في حال تمت سرقة أحد المفاتيح الخاصة لاحقاً.  

إن السرية المستقبلية حماية هامة لمواقع HTTPS ضد الخصوم مثل وكالات الاستخبارات والتي قد تسجل كماً ضخماً من مرور شبكة الإنترنت وتستخدم مفتاحاً مسروقاً لفك تشفيره. للتراسل المباشر وأنظمة الدردشة، فإن السرية المستقبلية ضرورية لضمان أن الرسائل المحذوفة تحذف فعلاً، ولكنك ستحتاج إما لـ""فصل السجل"" أو ""حذف الرسائل السابقة بشكل آمن"".",,السرية المستقبلية,Secreto delante,"Una propiedad de un sistema de mensaje seguro, la cual asegura que tus comunicaciones pasadas se puedan mantener seguras, inclusive si una de las llaves privadas es robada.

Para sitios web con HTTPS, secreto delante es una protección importante contra adversarios como agencias de inteligencias las cuales pueden mantener largos archivos de tráfico y usar una llave robada para descifrar este. Para mensaje instantáneo y sistemas de charlas, secreto delante es necesario para asegurar que los mensajes borrados han sido realmente borrados, pero tu también necesitarás, ya sea 
[disabled logging/deshabilitar la entrada] o [de manera segura borrar todos los mensajes pasados].",,,
PGP,Pretty Good Privacy,,"PGP or Pretty Good Privacy was one of the first popular implementations of public key cryptography. Phil Zimmermann, its creator, wrote the program in 1991 to help activists and others protect their communications. He was formally investigated by the US government when the program spread outside the United States. At the time, exporting tools that included strong public key encryption was a violation of US law. PGP continues to exist as a commercial software product. A free implementation of the same underlying standard that PGP uses called GnuPG (or GPG) is also available. Because both use the same interchangeable approach, people will refer to using a “PGP key” or sending a “PGP message”, even if they are using GnuPG.",,,"كان PGP (أي Pretty Good Privacy ""خصوصية جيدة جداً"") من أول التطبيقات الشعبية للتشفير باستخدام المفتاح العلني. كتب فِل زيمرمان البرنامج في 1991 لمساعدة الناشطين وغيرهم على حماية اتصالاتهم. حققت معه رسمياً حكومة الولايات المتحدة عندما انتشر البرنامج خارج الولايات المتحدة. كان تصدير الأدوات التي تتضمن تشفيراً قوياً عبر المفتاح العلني أمراً غير قانوني في ذاك الوقت. يتابع PGP وجوده كأداة برمجية تجارية. ويتوفر تطبيق حر لنفس المعيار الذي يستخدمه PGP ويدعى GnuPG (أو GPG). ولأن الإثنين يستخدمان نفس المقاربة، كثيراً ما يقول البعض أنهم يستخدمون مفتاح PGP أو يرسلون رسالة PGP حتى وإن كانوا يستخدمون GnuPG.",خصوصية جيدة جداً,PGP,PGP,"PGP o Pretty Good Privacy/Muy Buena Privacidad fue una de las primeras implementaciones popular de criptografía de llave pública. Phil Zimmermann, su creador, escribió el programa en 1991 para ayudar a los activistas y a otros proteger sus comunicaciones. Él fue formalmente investigado por el gobierno de los Estados Unidos cuando este programa se propagó fuera de los Estados Unidos. En ese momento, exportar herramientas que incluyan una fuerte llave pública cifrada era una violación de la regla de los Estados Unidos. PGP continúa existiendo como un producto comercial de software. Una implementación gratis de este mismo producto estándar que PGP le llamó GnuPG (o GPG) también está disponible. Porque ambos utilizan el mismo intercambiable acercamiento, las personas prefieren usar una “llave PGP” o enviar un “mensaje PGP,” inclusive si están usando GnuPG.",Muy Buena Privacidad ,,
Proprietary software,,FLOSS,"The opposite of free, libre, or open source software. These applications are usually commercial, but can also be freeware with restrictive license requirements.",,FLOSS,النموذج المعاكس للبرمجيات الحرة أو مفتوحة المصدر. هذه التطبيقات عادة ما تكون تجارية، أو تكون حرة ولكن ذات رخصة بمتطلبات تحد من إمكانية استخدامها.,,برمجيات احتكارية,Software propetario,"Lo opuesto de libre, o de software de recursos abiertos. Estas aplicaciones son usualmente comerciales, pero pueden ser también freeware/programa gratuito con licencia de requerimientos restrictivos. ",,FLOSS,
Protocol,,,"A communications protocol is a way of sending data between programs or computers. Software programs that use the same protocol can talk to each other: so web browsers and web servers speak the same protocol, called ""http"". Some protocols use encryption to protect their contents. The secure version of the http protocol is called ""https"". Another example of an encrypted protocol used by many different programs is OTR (Off-the-Record), a protocol for secure instant messaging.",,,"إن أي بروتوكول للاتصال هو وسيلة لإرسال البيانات بين البرامج أو الكمبيوترات. تستطيع البرمجيات التي تستخدم نفس البروتوكول أن تتواصل مع بعضها بعضاً: تتكلم المتصفحات ومخدمات الإنترنت نفس البروتوكول ويدعى ""http"". تستخدم بعض البروتوكولات التشفير لحماية محتوياتها. النسخة الآمنة من بروتوكول http تدعى ""https"".وOTR هو مثال آخر على بروتوكول مشفر تستخدمه العديد من البرامج المختلفة، وهو بروتوكول للتراسل المباشر الآمن.",,بروتوكول,Protocolo,"Un protocolo de comunicaciones es una manera de enviar data entre programas o computadoras. Los programas de software que utilizan el mismo protocolo pueden conversar entre ellas: digamos, los buscadores web y los servidores hablan con el mismo protocolo llamado ""http"". Algunos protocolos usan cifrado para proteger sus contenidos. La versión segura de protocolo http se llama ""https"". Otro ejemplo de un protocolo cifrado utilizado por otros diferentes programas es el OTR (Off The Record/Fuera de Record), un protocolo para mensaje seguro instantáneo.",,,
Proxy,proxies,circumvention,"An intermediary service through which you can channel some or all of your Internet communication and that can sometimes be used to bypass Internet censorship. A proxy may be public, or you may need to log in with a username and password to access it. Some but not all proxies encrypt the traffic between you and them, which means they can protect you from surveillance  by local attackers (like your government).",,تجاوز الرقابة,خدمة وسيطة يمكنك نقل بعض أو كل اتصالاتك بالإنترنت عبرها ويمكن استخدامها أحياناً لتجاوز الرقابة على الإنترنت. يمكن للوكيل أن يكون متاحاً للعامة، أو قد تحتاج لتسجيل الدخول باسم مستخدم وكلمة سر للوصول إليه. فقط بعض الوكلاء يشفرون نقل البيانات بينك وبينهم، مما يعني أنهم يستطيعون حمايتك من المراقبة من قبل مهاجمين محليين (مثل حكومة بلدك).,بروكسي,وكيل,Proxy,"Un servicio intermediario la cual tu puedes canalizar algunas o todas tus comunicaciones de Internet, y ésta a veces puede ser usada para pasar la censoria. Una proxy podría ser pública, o tu podrías tener que log in/poner un nombre de usuario y una clave para poder tener acceso a ésta. Algunas, pero no todas, las proxies cifran el tráfico entre usted y ellos, la cual quiere decir que tu puedes proteger de la vigilancia de los asaltantes locales (como el gobierno). ",proxies,elusión,
Public key encryption,asymmetric-key encryption,,"Traditional encryption systems use the same secret, or key, to encrypt and decrypt a message. So if I encrypted a file with the password ""bluetonicmonster"", you would need both the file and the secret ""bluetonicmonster"" to decode it. Public key encryption uses two keys: one to encrypt, and other to decrypt. This has all kinds of useful consequences. For one, it means that you can hand out the key to encrypt messages to you, and as long as you keep the other key secret, anyone with that key can talk to you securely. The key you hand out widely is known as the ""public key"": hence the name of the technique. Public key encryption is used to encrypt email and files by Pretty Good Privacy (PGP), OTR for instant messaging, and SSL/TLS for web browsing.",,,"نظم التشفير التقليدية تستخدم نفس ""السر"" أو المفتاح لتشفير وفك تشفير الرسائل. ولذا إذا قمت أنا بتشفير ملف بكلمة سر ""bluetonicmonster""، ستحتاج الملف وكلمة السر لفك تشفيره. يستخدم التشفير بالمفتاح العلني مفتاحين: واحد للتشفير، وآخر لفك التشفير. وهذا له الكثير من الفوائد. مثلاً، ذلك يعني أنه يمكنك توزيع المفتاح المستخدم لتشفير الرسائل المرسلة إليك، طالما أنك تحتفظ بالمفتاح الآخر سرياً، يستطيع أي شخص يملك المفتاح العلني التحدث معك بشكل آمن. المفتاح الذي توزعه على نطاق واسع يدعى ""المفتاح العلني"" أو ""المفتاح العمومي"": ومن هنا يأتي اسم التقنية. يستخدم التشفير عبر المفتاح العلني لتشفير البريد الإلكتروني والملفات في بروتوكول PGP، ولتشفير الرسائل المباشرة في OTR وللتصفح باستخدام SSL\TLS.",شيفرة المفاتيح غير المتساوية,شيفرة المفتاح العمومي,Cifrado de llave pública,"Los sistemas tradicionales de cifrados usan el mismo secreto, o llaves, para cifrar y descifrar un mensaje. Digamos, si yo cifro un mensaje una carpeta con clave ""bluetonicmonster"", tu necesitas ambos, la carpeta y el ""bluetonicmonster"" secreto para descifrar éste. La llave pública cifrada usa dos llaves: una para cifrar y la otra para descifrar. Éstas tienen todo tipo de consecuencias beneficiosas. Por una parte, quiere decir que tu puedes dar la llave de cifrado para ti, siempre y cuando tu mantengas la otra llave secreta, cualquier persona con esa llave puede hablar contigo de manera segura. Llave que tu das ampliamente se conoce como la ""public key/llave pública"": así el nombre de la técnica. Public key encryption/Cifrado de llave pública es utilizada para cifrar email y carpetas de Pretty Good Privacy/Muy Buena Privacidad (PGP), OTR para mensajes instantáneos, y SSL/TLS para buscadores de la web.",Cifrado asimétrico de las llaves,,
Revocation certificate,,,"What happens if you lose access to a secret key, or it stops being secret? A revocation certificate is a file that you can generate that announces that you no longer trust that key. You generate it when you still have the secret key, and keep it for any future disaster.",,,ماذا يحصل إذا فقدت مفتاحاً سرياً، أو أنه لم يعد سرياً بعد الآن؟ شهادة النقض هي ملف يمكنك توليده لإعلان أنك لم تعد تثق بذاك المفتاح. يجب أن تولد شهادة النقض عندما يكون المفتاح بحوزتك وتحتفظ بها تحسباً لأية كارثة مستقبلية.,,شهادة نقض,Certificado de revocación ,"Qué sucede si tu pierdes el acceso a una llave secreta, o ésta para de ser secreta? Un certificado de revocación es una carpeta que tu puedes generar que anuncia que tu ya no confías esa llave. Tu generas ésta mientras tu mantienes tu llave secreta, y mantiene ésta para un desastre futuro. ",,,
Risk analysis,risk,Threat modelling,"In computer security, risk analysis is calculating the chance that threats might succeed, so you know how much effort to spend defending against them. There may be many different ways that you might lose control or access to your data, but some of them are less likely than others. Assessing risk means deciding which threats you are going to take seriously, and which may be too rare or too harmless (or too difficult to combat) to worry about. See Threat modelling.",,نمذجة الخطر,في أمن الكمبيوتر، تحليل الخطر هو حساب احتمال نجاح التهديد، حتى تعرف مقادر الجهد المطلوب لتدافع عن نفسك بمواجهتها. قد يكون هناك الكثير من الطرق التي قد تخسر بها السيطرة أو القدرة على الوصول إلى بياناتك، ولكن احتمال وقوعها يتفاوت. يعني تقييم الخطر  أن تحدد التهديدات التي ستوجهها بجدية.,خطر,تحليل الخطر,Análisis de riesgo,"En seguridad de computadora, el riesgo de análisis es calcular las posibilidades que una amenaza pueda ser ejecutada, así de esa manera tu puedes saber como defenderte contra ella. Hay muchas maneras que tu puedes perder el control o el acceso a tu data, pero algunos de ellos son menos probables que otros. Analizando los riesgos quiere decir que tengas que decidir cuales de las amenazas te vas a tomar en serio y cuales son las mas raras que pasen (o las mas difíciles de combatir) o preocuparse. Vea Modelación de Amenazas. ",riesgo,Modelación de amenazas,
Router,,Man-in-the-middle attack,"A piece of networking equipment through which computers connect to their local networks and through which various local networks access the Internet. Switches, gateways and hubs perform similar tasks, as do wireless access points for computers that are properly equipped to use them. Routers can be used to block traffic between computers sending data between them, or to eavesdrop on data.",,,قطعة من معدات التشبيك يمكن للكمبيوترات الاتصال بالشبكات المحلية عبرها، ومن ثم الاتصال بالإنترنت. تقوم التحويلات والبوابات والمراكز بمهام مشابهة، وأيضاً نقاط الوصول اللاسلكية التي تستفيد منها أجهزة الكمبيوتر المجهزة لاستخدامها. يمكن للراوتر أن يستخدم لحجب المرور بين الكمبيوترات أو للتنصت على البيانات.,"مسيّر, موجّه",راوتر,Router,"Es una parte del equipo de la red a través de la cual las computadoras se conectan a sus redes locales y a través de la cual varias redes locales tienen acceso a la Internet. Switches, gateways y hubs desempeñan tareas similares, como lo hace puntos de acceso wireless para las computadoras que están propiamente equipadas para usar ellas. Los routers pueden ser usados para bloquear el tráfico entre computadoras que envían data entre ellas, o que secretamente están a la escucha en la data.",,Ataque tipo hombre en el medio. ,
Secure Sockets Layer (SSL),SSL/TLS,,"The technology that permits you to maintain a secure, encrypted connection between your computer and some of the websites and Internet services that you visit. When you are connected to a website through SSL, the address of the website will begin with HTTPS rather than HTTP.",,,التكنولوجيا التي تسمح لك أن تحافظ على اتصال آمن ومشفر بين كمبيوترك وبعض المواقع والخدمات على الإنترنت. عندما تتصل بموقع ما عبر SSL، يبدأ عنوان ذلك الموقع بـ HTTPS عوضاً عن HTTP.,SSL/TLS,طبقة المنافذ الآمنة (SSL),Secure Sockets Layer (SSL),"La tecnología que le permite que usted mantenga una conexión cifrada segura entre su computadora y algunos de los sitios web y los servicios de Internet que usted visita. Cuando usted está conectado a un sitio web a través de SSL, la dirección del sitio web comenzará con  HTTPS en vez de HTTP.",SSL/TLS,,
Security certificate,,Private key,"A security certificate is a kind of private key used to prevent man-in-the-middle attacks. A site that has access to the certificate can prove to remote systems that it has the certificate, and at the same time demonstrate that no other system without that certificate is tampering with the communication.",,مفتاح خاص,شهادة الأمان هي نوع من المفاتيح الخاصة وتستخدم لمنع هجمات الرجل-في-المنتصف. يمكن لموقع له شهادة أمان أن يثبت لنظام بعيد أنه يملك الشهادة، وبنقس الوقت يثبت أنه لا يوجد نظام آخر ليس له شهادة الأمان تلك يعبث بالاتصال.,,شهادة أمان,Certificado de seguridad,"Un certificado de seguridad es un tipo de llave privada usada para prevenir los ataques del hombre en el medio. Un sitio que tiene acceso a un certificado puede probar que un sistema remoto posee un certificado, y a la misma vez demostrar que no otro sistema sin el certificado esta interfiriendo con la comunicación. ",,Private key,
Security question,,,"To supplement passwords, some systems use ""security questions"". These are queries to which only you are supposed to know the answer. The problem with security questions is that they are really just extra passwords that have potentially guessable answers. We recommend you treat them as any other password: create a long, novel, random, phrase to answer them, and record that somewhere safe. So the next time your bank asks you your mother's maiden name, you should be ready to answer ""Correct Battery Horse Staple"" or similar.",,,"بالإضافة لكلمات السر، قد تستخدم بعض الأنظمة ""الأسئلة الأمنية"". وهي أسئلة يفترض أن تكون الوحيد الذي يعرف الإجابة عليها. مشكلة الأسئلة الأمنية هي أنها عبارة عن كلمات سر إضافية يمكن تخمين الإجابة عليها. نحن نوصي أن تعاملها كأي كلمة سر أخرى: أنشئ عبارات طويلة وجديدة وخلاقة وعشوائية للإجابة عليها، وخزن ذلك في مكان آمن. وفي المرة القادمة التي يسألك فيها البنك عن اسم مدرسك المفضل تكون مستعداً للإجابة ""Correct Battery Horse Staple"" أو ما شابه.",,سؤال أمني,Pregunta de seguridad,"Para complementar las contraseñas, algunos sistemas usan preguntas de seguridad. Éstas son preguntas las cuales solamente tu estás supuesto a saber las respuestas. El problema con las preguntas de seguridad es que éstas son realmente claves extras que tienen potencialmente respuestas al azar. Nosotros les recomendamos que las trates como si fueran cualquiera otra clave: cree una larga, novedosa, frase casual para responder a ellas, y póngalas en un lugar seguro. De esta manera la próxima vez que su banco le pregunte cual es el nombre intermedio de su madre, usted esté listo para responderla ""Batería Correcta Caballo de Estable"" o algo semejante.",,,
Server,,h,"A computer that remains on and connected to the Internet in order to provide some service, such as hosting a webpage or sending and receiving email to other computers. The service might be for public use, or only for users who have accounts.",,,كمبيوتر يبقى مشغلاً دائماً ومتصلاً بالإنترنت بغرض توفير خدمة ما، مثل استضافة موقع إنترنت أو إرسال واستقبال البريد الإلكتروني إلى كمبيوترات أخرى. قد تكون الخدمة للاستعمال العمومي، أو فقط للمستخدمين الذين يملكون حساباً.,"خادوم, سيرفر",مخدم,Servidor,"Una computadora que se mantiene prendida y conectada a la Internet para proveer algunos servicios, como un anfitrión a una página web o enviando y recibiendo email a otras  computadoras. El servicio puede ser para uso público o para usuarios que tengan cuentas.  ",,,
SIM card,,,"A small, removable card that can be inserted into a mobile phone in order to provide service with a particular mobile phone company. SIM (subscriber identity module) cards can also store phone numbers and text messages.",,,"بطاقة صغيرة يمكن إزالتها، ويتم إدخالها في الهواتف المحمولة بغرض توفير الخدمة من شركة هاتف محمول معينة. ويمكن لبطاقة ""السيم"" (Subscriber Identity Module) أن تخزن أرقام الهواتف والرسائل النصية.","بطاقة وحدة تعريف مشترك, بطاقة سيم",بطاقة هاتف,Tarjeta SIM,Una pequeña tarjeta removible que pueda ser introducida en un teléfono móvil para poder proveer servicio a una compañía particular de teléfono móvil. Tarjetas SIM (subscriber identity module/módulo de identidad de suscriptor) también pueden guardar números de teléfonos y mensajes de textos.,,,
SMTP settings,,,SMTP is one method for sending mail between computers. You can configure most email programs to encrypt messages between your e-mail software and the email server by changing your programs' SMTP settings (as long as your email service supports it),,,إن SMTP هو أحد الطرق المستخدمة لإرسال البريد الإلكتروني بين أجهزة الكمبيوتر. يمكنك ضبط أغلب برامج البريد الإلكتروني لتشفير الرسائل بينك برنامجك ومخدم البريد الإلكتروني بتغيير إعدادات SMTP ضمن البرنامج (طالما يدعم برنامجك ذلك),,إعدادات SMTP,Ajustes SMTP,SMTP es un método para enviar correo entre computadoras. Tu puedes configurar la mayoría de los programas email para cifrar mensajes entre tu software de e-mail y el servidor de email cambiando su plataforma de programa SMTP (siempre y cuando tu servicio lo soporte).,,,
Solid State Drive (SSD),,,"Historically, computers stored data on rotating magnetic discs. Mobile devices and increasing numbers of personal computers now store permanent data on non-moving drives. These SSD drives are currently more expensive, but much faster than magnetic storage. Unfortunately, it can be more difficult to reliably and permanently remove data from SSD drives.",,,تاريخياً، خزنت الكمبيوترات البيانات على أقراص مغناطيسية دوارة. الآن تخزن الهواتف المحمولة وعدد متزايد من أجهزة الكمبيوتر الشخصية البيانات على سواقات غير متحركة. سواقات الحالة الصلبة SSD أعلى تكلفة ولكنها أسرع بكثير من السواقات المغناطيسية. وللأسف، يصعب حذف البيانات بشكل دائم وموثوق من سواقات الحالة الصلبة.,,سواقة الحالة الصلبة SSD,Solid State Drive (SSD),"Históricamente, las computadoras guardan esa data en unos discos magnéticos rotativos. Dispositivos móviles y un número creciente de computadoras personales ahora guardan data permanentes en non-moving drives/drives que no se mueven. Estos drives SSD son actualmente mas caros, pero mucho mas rápidos que las gavetas magnéticas. Desafortunadamente, estos puede ser mas difíciles para de una manera permanente y confiable remover la data de los drives SSD.",,,
Source code,,,"The underlying code, written by computer programmers, that specifies how a program works. The source code for a given tool will reveal how it is constructed and can help in deciding whether it may be insecure or malicious. It's also useful for making changes or fixes to the functionality of the software.",,,الكود الذي كتبه مبرمجو الكمبيوتر، والذي يحدد كيف يعمل برنامج ما. الكود المصدري لأداة معينة يكشف كيف بنيت ويساعد في تحديد ما إذا كانت غير آمنة أو خبيثة حتى. كما أنه مفيد لإجراء التغييرات وإصلاح المشاكل في عمل البرنامج.,الشيفرة المصدرية,الكود المصدري,Fuente de código,"El código de fondo, escrito por los programadores de computadoras, que especifican como un programa trabaja. La fuente de un código para una herramienta dada podría revelar como ésta está construida y puede ayudar a decidir si ésta es insegura o maligna. Ésta es también beneficiosa para hacer cambios o arreglar la funcionalidad del software.",,,
SSH,,"SSH tunnel, command line interface","SSH (or Secure SHell) is a method for letting you securely control a remote computer via a command line interface. One of the features of the SSH protocol is that as well as sending commands, you can also use it to securely relay Internet traffic between two computers. To set up an ssh link, the remote system needs to operate as a ssh server, and your local machine need an ssh client program.",,نفق SSH، واجهة سطر الأوامر,إن SSH أو (Secure SHell) هو أسلوب يسمح لك بالتحكم بكمبيوتر بعيد بأمان عبر واجهة سطر الأوامر. إحدى ميزات بروتوكول SSH هي أنه يمكنك استخدامه لنقل حركة مرور الإنترنت بين كمبيوترين، بالإضافة إلى إرسال الأوامر. لإنشاء وصلة SSH، يحتاج أن يعمل النظام البعيد كمخدم SSH، وجهازك المحلي سيحتاج برنامجاً وكيلاً لـ SSH.,,SSH,SSH,"SSH (o Secure Shell) es un método para dejarte controlar de manera segura una computadora remota via command line interface/linea de comando interfaz. Una de las características del protocolo SSH es que tanto como enviar comandos,tu puedes utilizar ésta de manera segura para facilitar el tráfico de la Internet entre dos computadoras para montar un enlace SSH,el sistema remoto debería operar como un servidor SSH, y tu equipo local necesita un cliente de programa SSH.",,"Tunel SSH, linea interfaz",
Steganography,,,"Any method of disguising sensitive information so that it appears to be something else, in order to avoid drawing unwanted attention to it",,,أي أسلوب لتمويه المعلومات الحساسة بحيث تبدو وكأنها شيء أخر، بغرض تجنب جذب الانتباه إليها.,,ستيغانوغرافي,Steganografía,"Cualquier método de enmascarar información sensitiva para que ésta parezca como otra cosa, para evitar llamar la atención de ésta.",,,
Terminal,,command line,"In ancient computer history, a terminal was a dedicated system of keyboard and screen that connected a user to a server. These days, it's more likely to be a program  that allows you to talk to computers (either local or remote) over the command line.",,,في بداية تاريخ الكمبيوتر، كانت الطرفية نظاماً مكرساً عبارة عن لوحة مفاتيح وشاشة تصل المستخدم بمخدم ما. يغلب أن يكون في أيامنا هذه برنامجاً يسمح لك بالتحدث مع الكمبيوترات (سواء محلية أو بعيدة) عبر سطر الأوامر.,سطر الأوامر,طرفية,Terminal,"En la historia antigua de la computadora, una terminal era un sistema dedicado de tablero alfabético y pantalla que conectaba al usuario a un servidor. Hoy día, es mas bien un programa que te permite hablarles a las computadoras (ya sea de manera local o remota) sobre la linea de comando.",,linea de comandos,
Threat,,,"In computer security, a threat is a potential event that could undermine your efforts to defend your data. Threats can be intentional (conceived by attackers), or they could be accidental (you might leave your computer turned on and unguarded).",,,في أمن الكمبيوتر، التهديد هو حدث ممكن يقوض جهودك في الدفاع عن بياناتك. يمكن للتهديدات أن تكون متعمدة (ينفذها مهاجمون)، أو قد تكون عرضية (قد تترك جهازك مشغلاً دون أن تراقبه).,,تهديد,Amenaza,"En seguridad de computadora, una amenaza es un evento potencial que puede reducir tus esfuerzos para defender tu data. Las amenazas pueden ser intencionales (que han sido concebidas por los asaltantes), o ellas pueden ser accidentales (tu puedes dejar tu computadora prendida y sin vigilancia).",,,
Threat model,,Risk analysis.,"A way of narrowly thinking about the sorts of protection you want for your data. It's impossible to protect against every kind of trick or attacker, so you should concentrate on which people might want your data, what they might want from it, and how they might get it. Coming up with a set of possible attacks you plan to protect against is called threat modelling. Once you have a threat model, you can conduct a risk analysis.",,تحليل الخطر,طريقة للتفكير بشكل محدد حول أنواع الحماية التي تريدها لبياناتك. من المستحيل الحماية ضد جميع أنواع الهجمات والمهاجمين، ولذلك يتوجب أن تركز على هوية الأشخاص الذين يريدون بياناتك، ودافعهم للحصول عليها، وكيف قد يتمكنون من الحصول عليها. التوصل إلى مجموعة من الهجمات الممكنة والتي ترغب في حماية نفسك وبياناتك منها يدعى نمذجة التهديد. عند توصلك إلى نموذج للتهديد، يمكنك إجراء تحليل الخطر.,نموذج الخطر,نموذج التهديد,Modelo de amenaza,"Una manera de enfocarse en que tipo de protección tu quieres para tu data. Es imposible protegerse contra todo tipo de trucos o ataques, por eso tu debes de concentrarse el el tipo de persona que quiere tu data, que quisieran ellos de ésta, y como podrían conseguirlo. Imaginándose un grupo de posibles ataques, tu pone en pie un plan de defensa llamado un modelo de amenaza. Una vez que tengas este modelo de amenaza, tu puedes conducir un análisis de los riesgos. ",,Análisis de los riesgos,
Throwaway address,,,"An email address you use once, and never again. Used to sign up to Internet services without revealing an email address connected to your identity.",,,عنوان بريد إلكتروني تستخدمه مرة واحدة فقط ولا تعيدها. يستخدم للتسجيل في خدمات الإنترنت دون كشف عنوان البريد الإلكتروني المرتبط بهويتك.,,عنوان بريد للاستخدام مرة واحدة,Dirección desechable ,Una dirección de email que usted use solo una vez y nunca mas. Usadas para entrar en los servicios de Internet sin revelar una dirección de email conectada a tu identidad. ,,,
Traffic-blocking browser extension,,,"When you visit a website, your browser sends some information to that site's operators -- your IP address, other information about your computer, and cookies that link you to previous visits using that browser, for instance. If the website includes images and content taken from other web servers, that same information is sent to other websites as part of downloading or viewing the page. Advertising networks, analytics providers, and other data collectors may gather information from you in this way. You can install additional software that tuns alongside your browser and will limit how much information is leaked to third-parties in this way. The most well-known examples are programs that block advertisements. EFF offers a tool called Privacy Badger which is another traffic-blocking extension.",,,عند زيارة موقع على شبكة الإنترنت، يرسل متصفحك بعض المعلومات لمشغلي ذلك الموقع - عنوان IP الخاص بك، وغيرها من المعلومات عن جهاز الكمبيوتر الخاص بك، والكوكيز (سجل التتبع) التي تربطك بزياراتك السابقة للموقع من نفس المتصفح مثلاً. إذا كان الموقع يتضمن صوراً أو محتوى آخر من مخدمات أخرى على الإنترنت، يمكن إرسال نفس المعلومات إلى المخدمات الأخرى أيضاً كجزء من عملية تحميل أو عرض الصفحة. قد تجمع شبكات الإعلانات ومزودو خدمات تحليل الزوار وغيرهم معلوماتك بهذه الطريقة. يمكنك تثبيت برمجيات إضافية تعميل بالتوازي مع متصفحك وتحد من كم المعلومات التي تتسرب إلى أطراف ثالثة بهذه الطريقة. أغلب الأمثلة المعروفة هي برامج تحجب الإعلانات. توفر الـEFF أداة تدعى Privacy Badger وهي إضافة للمتصفح تمنع نقل تلك المعلومات.,,إضافة للمتصفح تمنع النقل,Extensión que bloquea el tráfico de un buscador,"Cuando tu visitas un sitio web, tu buscador le envía algunas informaciones a los operadores de ese sitio-- su dirección IP, otras informaciones sobre tu computadora, y cookies (nombre del sitio y su dirección específica/IP) que lo enlazan a visitas previas utilizando ese buscador; de hecho, si el sitio web contiene imágenes y contenido tomados de otros servidores de web, esa misma información es enviada a otros sitios web como parte del bajado o la visita a esa página. Las redes de publicidad, proveedores de analíticas, y otros recopiladores de data podrían colectar información de ti de esta manera. Tu puedes instalar un software a la par su buscador que limite la cantidad de información que sale a una tercera persona de esta manera. Los ejemplos mas conocidos son los programas que detienen publicidad/propaganda. EFF ofrece una herramienta llamada “Privacy Badger,” la cual es también otra extensión que detiene tráfico.",,,
Transport encryption,transport-layer encryption,,"Encrypting data as it travels across the network, so that others spying on the network cannot read it.",,,تشفير البيانات أثناء انتقالها عبر الشبكة، بحيث لا يستطيع قراءتها من يتجسس على الشبكة.,تشفير طبقة النقل,تشفير النقل,Cifrado de transporte,"La data cifrada como ella viaja a través del sistema, para que así de esa manera otros que la estén espiando en el sistema no puedan leer ésta.",Cifrado de capas de transporte ,,
Two-factor authentication,two-step verification,,"""Something you know, and something you have."" Login systems that require only a username and password risk being broken when someone else can obtain (or guess) those pieces of information. Services that offer two-factor authentication also require to provide a separate confirmation that you are who you say you are. The second factor could be a one-off secret code, a number generated by a program running on a mobile device, or a device that you carry and that you can use to confirm who you are. Companies like banks, and major internet services like Google, Paypal and Twitter now offer two-factor authentication.",,,"""شيء تعرفه، وشيء تملكه"". أنظمة تسجيل الدخول التي تتطلب اسم مستخدم وكلمة مرور فقط معرضة للاقتحام عندما يحصل (أو يخمن) شخص آخر تلك المعلومات. الخدمات التي تقدم التوثيق الثنائي تتطلب أيضاً توفير طريقة أخرى لتأكيد أن الشخص الذي تزعمه. العامل الثاني قد يكون رمزاً سرياً لمرة واحدة، أو رقما يولده تطبيق على هاتفك الذكي، أو جهازاً يمكنك حمله واستخدامه لتأكيد هويتك. تقدم الشركات مثل البنوك وخدمات الإنترنت الكبيرة مثل Google وPayPal و تويتر إمكانية التوثيق الثنائي.",توثيق بخطوتين,توثيق ثنائي,Verificación de dos factores ,"""Algo que tu sabes y algo que tu tienes."" Los sistemas de registros que solo requieren un nombre de usuario y una clave corren el riesgo de ser penetrados cuando alguien puede obtener (o adivinar) éstas porciónes de información. Servicios que ofrecen dos factores de verificación también requieren que tu provees una confirmación por separado que diga que eres tu la persona que dice ser. El segundo factor puede ser un código secreto one-off/no-en-lista un número generado por un programa que corra en un dispositivo móvil, o un dispositivo que tu lleves y que tu puedas usarlo para confirmar quien eres tu. Compañías al igual que los bancos y los grandes consorcios de Internet como Google, PayPal, y Twitter ahora ofrecen  dos factores de verificación. ",verificación de dos pasos,,
Virtual Private Network,VPN,,"A virtual private network is a method for connecting your computer securely to the network of an organization on the other side of the Internet. When you use a VPN, all of your computer's Internet communications is packaged together, encrypted and then relayed to this other organization, where it is decrypted, unpacked, and then sent on to its destination. To the organization's network, or any other computer on the wider Internet, it looks like your computer's request is coming from inside the organization, not from your location. VPNs are used by businesses to provide secure access to internal resources (like file servers or printers). They are also used by individuals to bypass local censorship, or defeat local surveillance.",,,إن الشبكة الافتراضية الخاصة هي أسلوب لوصول كمبيوترك بشكل آمن بشبكة خاصة بمنظمة على جهة أخرى من الإنترنت. عندما تستخدم VPN، يتم تجميع اتصالات كمبيوترك بالإنترنت وتشفيرها ومن ثم إرسالها إلى تلك المنظمة حيث يتم تشفيرها وفكها ومن ثم إرسالها إلى وجهتها. وللمنظمة أو أي جهاز آخر على الإنترنت، يبدو طلب جهازك وكأنه صادر من داخل المنظمة نفسها، وليس من مكانك. تستخدم الشبكات الخاصة الافتراضية من قبل الشركات لتوفير اتصال آمن بالموارد الداخلية (مثل الملفات أو الطابعات). كما أنها تستخدم من قبل الأفراد لتجاوز الرقابة المحلية أو التغلب على المراقبة المحلية.,"VPN, في بي إن",شبكة خاصة افتراضية,Virtual Private Network/Red privada virtual,"Una red privada virtual (o VPN, como lo es conocido por sus siglos en inglés) es un método para conectar tu computadora de manera segura a un sistema de una organización en el otro lado de la Internet. Cuando tu usas una VPN, todo el sistema de comunicación de la Internet está en un paquete completo, cifrado e entregado a esta otra organización, donde ésta está cifrada, desempacada, y luego enviada a su destinatario. En el sistema de la organización, o cualquiera otra computadora a todo lo largo de la Internet, esta parece como si la petición viene de adentro de la organización, no de tu localidad. Las VPN son usadas por negocios para proveer acceso seguro a recursos internos (como carpetas de servidores o impresoras). Ellas también son utilizadas por individuos para sobre-pasar censores o derrotar vigilancias locales.",VPN,,
Voice over IP (VoIP),VoIP,,Any technology that allows you to use the Internet for voice communication with other VoIP users or receive telephone calls over the Internet.,,,أي تكنولوجيا تسمح لك باستخدام الإنترنت للتواصل الصوتي مع مستخدمي VoIP الآخرين أو تلقي الاتصالات الهاتفية عبر الإنترنت.,,الصوت عبر بروتوكول الإنترنت,Voz sobre IP ,Cualquier tecnología que le permite el uso de Internet para comunicación de voz con otros usuarios VoIP o reciben llamadas telefónicas sobre la Internet. ,VoIP,,
Web browser,,,"The program you use to view web sites. Firefox, Safari, Internet Explorer and Chrome are all web browsers. Smartphones  have a built-in web browser app for the same purpose.",,,البرنامج الذي تستخدمه لاستعراض مواقع الإنترنت. فايرفوكس وسفاري وإنترنت إكسبلورر وكروم جميعها متصفحات. الهواتف الذكية تحوي تطبيقات للتصفح لنفس الغرض.,,متصفح إنترنت,Buscador web,"El programa que usted usa para ver sitios web. Firefox, Safari, Internet Explorer y Chrome son todos buscadores de la web. Los smartphones/móviles-inteligentes tienen ya construido en ellos una aplicación buscadora para el mismo propósito.",,,
Web-based proxy,,,"A website that lets its users access other, blocked or censored websites. Generally, the web proxy will let you type a web address (or URL) onto a web page, and then redisplay that web address on the proxy page. Easier to use than most other censorship-circumventing services.",,,موقع يسمح للمستخدمين بالوصول إلى مواقع أخرى محجوبة كلياً أو جزئياً. عادة، يسمح لك الوكيل القائم على الإنترنت بإدخال عنوان موقع URL ومن ثم يعرض تلك الصفحة على موقع الوكيل.  أسهل استخداماً من غالبية الخدمات الأخرى لتجاوز الرقابة.,,وكيل قائم على الإنترنت,Proxy basada en la red,"Un sitio web que le deja acceder a sus usuarios otros sitios web cerrados o censurados. Generalmente, una proxy basada en la web le deja a usted una dirección web (o URL) dentro de la página, y luego entonces la vuelve a mostrar en la página proxy. Ésta es mas fácil de usar que la mayoría de los otros servicios de circunvalar la censura.  ",,,
Whitelist,,,"A list of websites or Internet services to which some form of access is permitted, when other sites are automatically blocked",,,مجموعة من المواقع أو خدمات الإنترنتوالتي يسمح الوصول إليها بشكل ما، في حين تكون المواقع الأخرى محجوبة تلقائياً.,,قائمة سماح,Whitelist,"Una lista de sitos web o servicios de Internet la cual es permitido alguna forma de acceso, cuando otros sitios están automáticamente cerrados.",,,
Windows Phone,,,A smartphone operating system developed by Microsoft.,,,هو نظام تشغيل من صناعة مايكروسوفت يستخدم لتشغيل الهواتف الذكية.,,ويندوز فون,Móvil tipo Windows,Un sistema de operación para el smartphone/teléfono inteligente desarrollado por Microsoft.,,,
XMPP,,Instant messaging,"A open standard for instant messages - Google uses XMPP for Google Chat; Facebook used to offer it, but stopped. Non-corporate independent instant messaging services will usually use XMPP. Services like WhatsApp have their own, closed and secret protocol.",,التراسل الفوري,معيار مفتوح للتراسل المباشر - كان يستخدمه كل من Google وفيسبوك ولكنهما توقفا. وهناك خدمات للتراسل المباشر المستقلة والتي عادة ما تستخدم XMPP. والخدمات مثل Whatsapp لها بروتوكولاتها الخاصة والتي تكون مغلقة وسرية. ,,XMPP,XMPP,"Mensajes instantáneos estándar abierto - Google usa XMPP para Google Chat; Facebook ofrecía este, pero se detuvo. Corporaciones de servicios de mensajes independientes no-incorporadas usualmente utilizan XMPP. Servicios como WhatsApp tienen sus propios protocolos secretos y cerrados. ",,Mensajería instantánea,
Zero day,,,"A flaw in a piece of software or hardware that was previously unknown to the maker of the product. Until the manufacturers hear of the flaw and fix it, attackers can use it for their own purposes.",,,ثغرة في برمجية أو جهاز غير معروفة مسبقاً لمصنّع المنتج. وإلى إن يسمع المصنّع بالثغرة ويصلحها، يمكن للمهاجمين استخدامها لأغراضهم الشخصية.,,هجوم أولي، هجوم اليوم الأول,Día cero,"Una falla, es del software o hardware que era previamente desconocida a los fabricantes del producto. Hasta que los fabricantes se enteran de esta falta y la corrigen, los atacantes pueden usar ésta para sus propósitos. ",,,
